{"cameraMode":{"drawMode":0,"name":"Shaded","section":"Shading Mode"},"sceneLighting":false,"audioPlay":false,"sceneViewState":{"showFog":true,"showMaterialUpdate":false,"showSkybox":true,"showFlares":true,"showImageEffects":true,"showParticleSystems":true},"in2DMode":false,"pivot":{"x":25.632854461669923,"y":-23.195110321044923,"z":346.8675231933594},"rotation":{"x":-0.10798793286085129,"y":-0.051369957625865939,"z":0.005319620948284864,"w":-0.9929906725883484},"size":353.1081848144531,"orthographic":false}